Particles,Interpolation_Time(sec)
100,0.001574
10000,0.002086
1000000,0.082879
100000000,7.584097
1000000000,111.533686
