Particles,Interpolation_Time(sec)
100,0.000094
10000,0.000515
1000000,0.047136
100000000,4.660047
1000000000,82.097061
