Particles,Interpolation_Time(sec)
100,0.000336
10000,0.000721
1000000,0.047283
100000000,4.690807
1000000000,81.976927
