Particles,Interpolation_Time(sec)
100,0.000000
10000,0.000000
1000000,0.240000
100000000,23.540000

