Particles,Interpolation_Time(sec)
100,0.000000
10000,0.000000
1000000,0.280000
100000000,29.160000

