Particles,Interpolation_Time(sec)
100,0.000000
10000,0.020000
1000000,0.410000
100000000,28.930000

